"Id";"Designator";"Package";"Quantity";"Designation";"Supplier and ref";
1;"U602,U604";"SOT-23-6";2;"SN74LVC1T45DBV";;;
2;"C618,C617,C602,C601,C902,C901,C704,C716,C715,C714,C712,C603,C1015,C1012,C1009,C1008,C1023,C1022,C1021,C1020,C1019,C1018,C1017,C1016,C1014,C1013,C1011,C1010,C1003,C1007,C1006,C1005,C1004,C503,C621,C619,C614,C1422,C1420,C1419,C1418,C1417,C1416,C1415,C1414,C1413,C1411,C1409,C1406,C1404,C1403,C1402,C1401,C1307,C1306,C1305,C1304,C1303,C1302,C1301,C1201,C1106,C1105,C1104,C1103,C1102,C1101,C802,C801,C713,C711,C710,C709,C708,C707,C706,C705,C702,C616,C615,C613,C610,C612,C608,C611,C606,C609,C604,C623,C607,C605,C508,C506,C504,C501,C433,C434,C212,C211,C210,C209,C208,C205,C202";"C_0603_1608Metric_Pad1.05x0.95mm_HandSolder";104;"100n";;;
3;"R710,R1018,R1013,R1410,R1409,R1401,R1017,R1003,R808,R705,R703,R701,R501,R211,R209,R208,R207,R206,R203";"R_0603_1608Metric_Pad1.05x0.95mm_HandSolder";19;"10k";;;
4;"Q701,Q1001";"SOT-323_SC-70";2;"BC847W";;;
5;"C719,C1001";"C_0603_1608Metric_Pad1.05x0.95mm_HandSolder";2;"10p";;;
6;"R602,R708,R702";"R_0603_1608Metric_Pad1.05x0.95mm_HandSolder";3;"0";;;
7;"U901";"HSOP-32-1EP_7.5x11.0mm_P0.65mm_ThermalVias";1;"MCZ33996";;;
8;"J101";"36107406S";1;"RF_Shield_One_Piece";;;
9;"Q1007";"TO-71";1;"IFN406/IFN411";;;
10;"U709";"MSOP-8-1EP_3x3mm_P0.65mm_EP1.73x1.85mm_ThermalVias";1;"LT5400-10k-10k";;;
11;"U705";"MSOP-8-1EP_3x3mm_P0.65mm_EP1.73x1.85mm_ThermalVias";1;"LT5400-5k-1k";;;
12;"U408";"TSR1";1;"TSR1-2450";;;
13;"U1402";"TQFP-144_20x20mm_P0.5mm";1;"STM32H743ZI/STM32F765ZGT6";;;
14;"C1410,C1408";"C_0805_2012Metric_Pad1.15x1.40mm_HandSolder";2;"2u2";;;
15;"R922,R920";"R_0805_2012Metric_Pad1.15x1.40mm_HandSolder";2;"24k/200V";;;
16;"U704";"LMx99";1;"LM399H";;;
17;"E801";"GDT";1;"CG3-1.5L";;;
18;"L403,L402";"74489440068";2;"74489440068";;;
19;"D602,D1401,D302";"LED_0603_1608Metric_Pad1.05x0.95mm_HandSolder";3;"RED";;;
20;"D601,D1402,D202";"LED_0603_1608Metric_Pad1.05x0.95mm_HandSolder";3;"GREEN";;;
21;"C422";"C_0805_2012Metric_Pad1.15x1.40mm_HandSolder";1;"4u7";;;
22;"R807,R810,R806,R805,R802,R801";"R_0805_2012Metric_Pad1.15x1.40mm_HandSolder";6;"24k/200V/.5W/.25%";;;
23;"U906,U905,U904,U903,U902";"GU-SOP8";5;"AQW210S";;;
24;"R934,R930,R617,R305,R304";"R_0603_1608Metric_Pad1.05x0.95mm_HandSolder";5;"OPT";;;
25;"C904,C804,C803";"C_0805_2012Metric_Pad1.15x1.40mm_HandSolder";3;"220p";;;
26;"C903";"C_0805_2012Metric_Pad1.15x1.40mm_HandSolder";1;"470p";;;
27;"C805";"C_0805_2012Metric_Pad1.15x1.40mm_HandSolder";1;"10n";;;
28;"U1012,U1009,U501";"TSSOP-14_4.4x5mm_P0.65mm";3;"TXB0104PW";;;
29;"K1001";"9012";1;"9012";;;
30;"R910";"R_2512_6332Metric_Pad1.52x3.35mm_HandSolder";1;"PCS2512DR1000ET";;;
31;"U302";"THL15";1;"THL15-2415WI";;;
32;"U603";"Oscillator_SMD_Abracon_ASDMB-4Pin_2.5x2.0mm";1;"ASDMB-100.000MHZ";;;
33;"U601";"TQFP-144_20x20mm_P0.5mm";1;"ICE40HX4K-TQ144";;;
34;"R621,R620,R619,R1408,R1407,R1403,R1402,R1102,R616,R615,R614";"R_0603_1608Metric_Pad1.05x0.95mm_HandSolder";11;"4k7";;;
35;"R613,R618,R503,R414,R413";"R_0603_1608Metric_Pad1.05x0.95mm_HandSolder";5;"100";;;
36;"R610";"R_0603_1608Metric_Pad1.05x0.95mm_HandSolder";1;"220";;;
37;"R608,R607,R606,R605,R604,R603,R611";"R_0603_1608Metric_Pad1.05x0.95mm_HandSolder";7;"150";;;
38;"C620,C622,C427,C426,C421,C406";"C_0805_2012Metric_Pad1.15x1.40mm_HandSolder";6;"10u";;;
39;"U1301";"TSSOP-54";1;"IS42S16400J-xC";;;
40;"Y1401";"NX3225GD";1;"NX3225GD-8MHZ-STD-CRA-3";;;
41;"Y201";"NX5032GA";1;"NX5032GA-25.000M-LN-CD-1";;;
42;"U1403";"MSOP-8_3x3mm_P0.65mm";1;"24LC08B-E/MS";;;
43;"U1401";"Texas_PWSON-N6";1;"HDC1080";;;
44;"U1201";"TSSOP-16_4.4x5mm_P0.65mm";1;"ULN2003A";;;
45;"U1103";"SOIC-8_3.9x4.9mm_P1.27mm";1;"OP07";;;
46;"U1102";"TSSOP-24_4.4x7.8mm_P0.65mm";1;"ADG1414BRU";;;
47;"U1101,U1010";"SOIC-8_3.9x4.9mm_P1.27mm";2;"OP27";;;
48;"U1011,U1006";"TSSOP-14_4.4x5mm_P0.65mm";2;"TMUX6104";;;
49;"U1008";"SOIC-8_3.9x4.9mm_P1.27mm";1;"AD711";;;
50;"U1007,U711";"SOIC-8_3.9x4.9mm_P1.27mm";2;"OPA140";;;
51;"U1005";"MSOP-8_3x3mm_P0.65mm";1;"MORNTA2001QT5";;;
52;"U1004,U1003";"SOIC-8_3.9x4.9mm_P1.27mm";2;"DG419LDY";;;
53;"U1002,U1001";"SOIC-8_3.9x4.9mm_P1.27mm";2;"AD706";;;
54;"U801";"SOIC-8_3.9x4.9mm_P1.27mm";1;"OPA132";;;
55;"U712";"SOIC-8_3.9x4.9mm_P1.27mm";1;"LT1116";;;
56;"U710";"MSOP-8-1EP_3x3mm_P0.65mm_EP1.73x1.85mm_ThermalVias";1;"LT5400-100k-100k";;;
57;"U708,U702";"SOIC-8_3.9x4.9mm_P1.27mm";2;"TL071";;;
58;"U707";"SOIC-8_3.9x4.9mm_P1.27mm";1;"DG419xY";;;
59;"U706";"SOIC-8_3.9x4.9mm_P1.27mm";1;"TL7712A";;;
60;"U703";"SOIC-8_3.9x4.9mm_P1.27mm";1;"AD8676";;;
61;"U701";"TSSOP-16_4.4x5mm_P0.65mm";1;"DG211CJD";;;
62;"U605";"SOIC-8_5.23x5.23mm_P1.27mm";1;"MT25QL128ABA1ESE";;;
63;"U503";"TSSOP-14_4.4x5mm_P0.65mm";1;"74AC125";;;
64;"U502";"SOIC-16W_7.5x10.3mm_P1.27mm";1;"ADuM5402";;;
65;"U407";"TO-263-2";1;"MC7915BD2TG";;;
66;"U406";"TO-263-2";1;"MC7815BD2TG ";;;
67;"U402";"TO-252-2";1;"LM1117DTX-5.0/NOPB";;;
68;"U401";"TSR1";1;"TSR1-2490";;;
69;"U405";"ETSSOP-20-1EP_4.4x6.5mm_P0.65mm_EP3x4.2mm";1;"LT3030";;;
70;"U404,U403";"TSOT-23-6_HandSoldering";2;"LT8330_S6";;;
71;"U409";"TO-252-2";1;"LM1117DTX-3.3/NOPB";;;
72;"U301";"SOT-23-6_Handsoldering";1;"MAX5902";;;
73;"U203,U202";"SO8E";2;"LC03-3.3";;;
74;"U201";"QFN-24-1EP_4x4mm_P0.5mm_EP2.6x2.6mm_ThermalVias";1;"LAN8742A";;;
75;"RV802,RV801";"4032";2;"B72660M0301K072";;;
76;"R1406,R1404,R933,R932,R931,R928,R929,R927,R926,R925,R924";"R_0603_1608Metric_Pad1.05x0.95mm_HandSolder";11;"680";;;
77;"R1405";"R_0603_1608Metric_Pad1.05x0.95mm_HandSolder";1;"560";;;
78;"R1124,R1123,R1122";"R_0805_2012Metric_Pad1.15x1.40mm_HandSolder";3;"33k";;;
79;"R1121";"R_0603_1608Metric_Pad1.05x0.95mm_HandSolder";1;"4M3/1%";;;
80;"R1120";"R_1206_3216Metric_Pad1.42x1.75mm_HandSolder";1;"5M/0.1%";;;
81;"R1119";"R_0805_2012Metric_Pad1.15x1.40mm_HandSolder";1;"5k/.05%";;;
82;"R1118,R1103";"R_0603_1608Metric_Pad1.05x0.95mm_HandSolder";2;"5k6";;;
83;"R1117";"R_0603_1608Metric_Pad1.05x0.95mm_HandSolder";1;"523/.1%";;;
84;"R1116";"R_0603_1608Metric_Pad1.05x0.95mm_HandSolder";1;"910";;;
85;"R1115";"R_0603_1608Metric_Pad1.05x0.95mm_HandSolder";1;"2k4";;;
86;"R1114";"R_0603_1608Metric_Pad1.05x0.95mm_HandSolder";1;"15k/.05%";;;
87;"R1113";"R_0603_1608Metric_Pad1.05x0.95mm_HandSolder";1;"1k5/%1";;;
88;"R1112";"R_0805_2012Metric_Pad1.15x1.40mm_HandSolder";1;"30k/.05%";;;
89;"R1111";"R_0603_1608Metric_Pad1.05x0.95mm_HandSolder";1;"33k";;;
90;"R1110";"R_0603_1608Metric_Pad1.05x0.95mm_HandSolder";1;"4M99/1%";;;
91;"R1109";"R_0603_1608Metric_Pad1.05x0.95mm_HandSolder";1;"576k/1%";;;
92;"R1108,R1105";"R_1206_3216Metric_Pad1.42x1.75mm_HandSolder";2;"19k6/.05%";;;
93;"R1107";"R_0603_1608Metric_Pad1.05x0.95mm_HandSolder";1;"300/.05%";;;
94;"R1106";"R_0603_1608Metric_Pad1.05x0.95mm_HandSolder";1;"505k/.1%";;;
95;"R1104";"R_0603_1608Metric_Pad1.05x0.95mm_HandSolder";1;"54k6";;;
96;"R1101";"R_0805_2012Metric_Pad1.15x1.40mm_HandSolder";1;"100/.05%";;;
97;"R1019";"R_0603_1608Metric_Pad1.05x0.95mm_HandSolder";1;"8k25";;;
98;"R1016,R1012";"R_0805_2012Metric_Pad1.15x1.40mm_HandSolder";2;"2k/.05%";;;
99;"R1015,R1011";"R_0805_2012Metric_Pad1.15x1.40mm_HandSolder";2;"18k/.05%";;;
100;"R1014,R1010";"R_0603_1608Metric_Pad1.05x0.95mm_HandSolder";2;"180k/.05%";;;
101;"R1009";"R_0603_1608Metric_Pad1.05x0.95mm_HandSolder";1;"500";;;
102;"R1008";"R_0603_1608Metric_Pad1.05x0.95mm_HandSolder";1;"DNP";;;
103;"R1007,R1006,R1002";"R_0603_1608Metric_Pad1.05x0.95mm_HandSolder";3;"21k5";;;
104;"R1005,R301";"R_0603_1608Metric_Pad1.05x0.95mm_HandSolder";2;"100k";;;
105;"R1004";"R_0805_2012Metric_Pad1.15x1.40mm_HandSolder";1;"10M";;;
106;"R1001,R502";"R_0603_1608Metric_Pad1.05x0.95mm_HandSolder";2;"14k7";;;
107;"R921,R923,R913";"R_0805_2012Metric_Pad1.15x1.40mm_HandSolder";3;"100k/200V";;;
108;"R919";"R_0805_2012Metric_Pad1.15x1.40mm_HandSolder";1;"1M1/200V";;;
109;"R917,R915,R912,R908";"R_0805_2012Metric_Pad1.15x1.40mm_HandSolder";4;"2M2/200V";;;
110;"R918,R916,R914,R911,R907,R906,R905,R904";"R_0805_2012Metric_Pad1.15x1.40mm_HandSolder";8;"13k/200V";;;
111;"R909";"R_0805_2012Metric_Pad1.15x1.40mm_HandSolder";1;"5";;;
112;"R903";"R_0805_2012Metric_Pad1.15x1.40mm_HandSolder";1;"6k19/200V";;;
113;"R902,R901";"R_0805_2012Metric_Pad1.15x1.40mm_HandSolder";2;"3k16/200V";;;
114;"R809";"R_0603_1608Metric_Pad1.05x0.95mm_HandSolder";1;"316";;;
115;"R804,R803";"R_0805_2012Metric_Pad1.15x1.40mm_HandSolder";2;"1M/400V/.5W";;;
116;"R709,R210";"R_0603_1608Metric_Pad1.05x0.95mm_HandSolder";2;"1k5";;;
117;"R707";"R_0805_2012Metric_Pad1.15x1.40mm_HandSolder";1;"1k96/.1%";;;
118;"R706";"R_0805_2012Metric_Pad1.15x1.40mm_HandSolder";1;"3k01/.1%";;;
119;"R704";"R_1206_3216Metric_Pad1.42x1.75mm_HandSolder";1;"6k95/.05%";;;
120;"R612,R601,R609,R504";"R_0603_1608Metric_Pad1.05x0.95mm_HandSolder";4;"1k";;;
121;"R506";"R_0603_1608Metric_Pad1.05x0.95mm_HandSolder";1;"51R1";;;
122;"R505";"R_0603_1608Metric_Pad1.05x0.95mm_HandSolder";1;"47";;;
123;"R416,R415";"R_0805_2012Metric_Pad1.15x1.40mm_HandSolder";2;"0R1";;;
124;"R412";"R_0603_1608Metric_Pad1.05x0.95mm_HandSolder";1;"210k";;;
125;"R411";"R_0603_1608Metric_Pad1.05x0.95mm_HandSolder";1;"357k";;;
126;"R410";"R_0603_1608Metric_Pad1.05x0.95mm_HandSolder";1;"46k4";;;
127;"R409,R407,R406,R404,R402,R401";"R_0603_1608Metric_Pad1.05x0.95mm_HandSolder";6;"1M";;;
128;"R408";"R_0603_1608Metric_Pad1.05x0.95mm_HandSolder";1;"97k6";;;
129;"R405,R403";"R_0603_1608Metric_Pad1.05x0.95mm_HandSolder";2;"287k";;;
130;"R303";"R_0603_1608Metric_Pad1.05x0.95mm_HandSolder";1;"370";;;
131;"R302";"R_0805_2012Metric_Pad1.15x1.40mm_HandSolder";1;"6k8/0.5W";;;
132;"R221,R220";"R_0603_1608Metric_Pad1.05x0.95mm_HandSolder";2;"75/1%";;;
133;"R219";"R_1206_3216Metric_Pad1.42x1.75mm_HandSolder";1;"1M/1kV";;;
134;"R218,R217,R216,R215";"R_0603_1608Metric_Pad1.05x0.95mm_HandSolder";4;"49R9";;;
135;"R214,R213";"R_0603_1608Metric_Pad1.05x0.95mm_HandSolder";2;"270";;;
136;"R212";"R_0603_1608Metric_Pad1.05x0.95mm_HandSolder";1;"12k1";;;
137;"R205,R204,R202,R201";"R_0603_1608Metric_Pad1.05x0.95mm_HandSolder";4;"33";;;
138;"Q1108,Q1107,Q1103,Q1101";"SOT-23";4;"CMPF4393";;;
139;"Q1106,Q1105,Q1104";"SOT-23";3;"FMMT6520";;;
140;"Q1102";"SOT-23";1;"MMBT3904";;;
141;"Q1006";"SOT-23";1;"MMBF4392LT1G";;;
142;"Q1005,Q1004,Q1003,Q1002";"SOT-23";4;"MMBT6429";;;
143;"Q301";"TO-252-2_Rectifier";1;"IRFR5410";;;
144;"L905,L904,L903";"R_0805_2012Metric_Pad1.15x1.40mm_HandSolder";3;"L0805R100MPWRT";;;
145;"L902,L901";"R_1210_3225Metric_Pad1.42x2.65mm_HandSolder";2;"CBC3225T102MR";;;
146;"L501";"CW252016";1;"CW252016-R33G";;;
147;"L401,L404";"TCK-141";2;"TCK-141";;;
148;"L301";"7448014501";1;"7448014501";;;
149;"L201";"749010012A";1;"749010012A";;;
150;"K1205,K1204,K1203,K1202,K1201";"HE360_x-5050462-8";5;"HE3621A0510";;;
151;"K903,K902,K901";"SA";3;"TQ2SA-5V";;;
152;"J1402";"PinHeader_2x05_P1.27mm_Vertical";1;"20021111-00010T4LF";;;
153;"J1401";"PinHeader_1x02_P2.54mm_Vertical";1;"Conn_02x01";;;
154;"J1201";"Socket_DIN41612-CaseC1-AC-Male-64Pin-2rows";1;"C64AC";;;
155;"J601";"PinHeader_2x05_P2.54mm_Vertical";1;"Conn_02x05";;;
156;"FB1401,FB201";"L_0805_2012Metric_Pad1.15x1.40mm_HandSolder";2;"742792031";;;
157;"F801";"Fuse_2920_7451Metric_Pad2.10x5.45mm_HandSolder";1;"0ZCF0100AF2A";;;
158;"F301";"Fuse_SMD2920";1;"MF-LSMF185/33X";;;
159;"D1403";"LED_0603_1608Metric_Pad1.05x0.95mm_HandSolder";1;"BLUE";;;
160;"D1104";"D_SMA";1;"S1M ";;;
161;"D1103,D1102,D1001,D903,D902,D901,D701";"D_SOD-123";7;"1N4148W";;;
162;"D1101,D702";"D_SOD-323HE";2;"TFZVTR5.1B ";;;
163;"D801";"Diode_Bridge_Diotec_ABS";1;"ABS10";;;
164;"D603";"D_SOD-523";1;"CDBU0520";;;
165;"D503";"D_SOD-323_HandSoldering";1;"SD36C-01FTG";;;
166;"D502";"D_SMB";1;"SMBJ5.0A";;;
167;"D501";"SOT-23";1;"BAV99";;;
168;"D402,D401";"D_SOD-128";2;"PMEG6010EP,115";;;
169;"D303";"D_SOD-123";1;"MMSZ5249B";;;
170;"D301";"DO_214AA_REV";1;"SM6T30AY";;;
171;"D201";"LED_0603_1608Metric_Pad1.05x0.95mm_HandSolder";1;"YELLOW";;;
172;"C1421,C1412,C703,C701,C507,C505,C502,C431,C430,C411,C410,C207,C206";"C_0603_1608Metric_Pad1.05x0.95mm_HandSolder";13;"1u";;;
173;"C1407,C1405,C204,C201";"C_0603_1608Metric_Pad1.05x0.95mm_HandSolder";4;"8p";;;
174;"C1107,C718";"C_0603_1608Metric_Pad1.05x0.95mm_HandSolder";2;"220n";;;
175;"C1002";"C_0603_1608Metric_Pad1.05x0.95mm_HandSolder";1;"C";;;
176;"C717";"C_0603_1608Metric_Pad1.05x0.95mm_HandSolder";1;"2n2";;;
177;"C509";"C_0603_1608Metric_Pad1.05x0.95mm_HandSolder";1;"47p";;;
178;"C429,C428,C424,C423,C419,C418,C408,C407,C302,C301";"C_1206_3216Metric_Pad1.42x1.75mm_HandSolder";10;"4u7/50V";;;
179;"C435,C436,C415,C414";"C_0603_1608Metric_Pad1.05x0.95mm_HandSolder";4;"10n";;;
180;"C409,C437";"C_1206_3216Metric_Pad1.42x1.75mm_HandSolder";2;"47u/16V";;;
181;"C403,C432";"C_1206_3216Metric_Pad1.42x1.75mm_HandSolder";2;"10u/16V";;;
182;"C417,C416";"C_0603_1608Metric_Pad1.05x0.95mm_HandSolder";2;"4p7";;;
183;"C402,C401,C405,C404,C425,C420";"C_1206_3216Metric_Pad1.42x1.75mm_HandSolder";6;"10u/50V";;;
184;"C413,C412";"C_1206_3216Metric_Pad1.42x1.75mm_HandSolder";2;"1u/HC";;;
185;"C304,C303";"C_1210_3225Metric_Pad1.42x2.65mm_HandSolder";2;"330p/2kV";;;
186;"C214,C213";"C_1206_3216Metric_Pad1.42x1.75mm_HandSolder";2;"1n/1kV";;;
187;"C203";"C_0603_1608Metric_Pad1.05x0.95mm_HandSolder";1;"470p";;;
